[
    {
        "id": 1,
        "name": "Bubble Wrap & Foam Products",
        "slug": "bubble-wrap&foam-products",
        "small_desc":"Amet minim mollit non deserunt ullamco est sit aliqua dolor do amet sint. Velit officia consequat duis enim velit mollit. Exercitation veniam consequat sunt nostrud amet.",
        "subcategories": [
            {
                "id": 2,
                "name": "Web Development",
                "slug": "bubble-wrap&foam-products",
                "subcategories": [
                    {
                        "id": 3,
                        "name": "php",
                        "slug": "php"
                    },
                    {
                        "id": 4,
                        "name": "javascript",
                        "slug": "javascript"
                    },
                    {
                        "id": 5,
                        "name": ".Net",
                        "slug": ".net"
                    },
                    {
                        "id": 6,
                        "name": "Java",
                        "slug": "java"
                    },
                    {
                        "id": 7,
                        "name": "Python",
                        "slug": "python"
                    }
                ]
            },
            {
                "id": 8,
                "name": "Graphics Design",
                "slug": "bubble-wrap&foam-products",
                "subcategories": [
                    {
                        "id": 9,
                        "name": "Coral Draw",
                        "slug": "php"
                    },
                    {
                        "id": 10,
                        "name": "AI",
                        "slug": "javascript"
                    },
                    {
                        "id": 11,
                        "name": "Photoshop",
                        "slug": ".net"
                    }
                ]
            },
            {
                "id": 12,
                "name": "Graphics Design",
                "slug": "bubble-wrap&foam-products",
                "subcategories": [
                    {
                        "id": 13,
                        "name": "Coral Draw",
                        "slug": "php"
                    },
                    {
                        "id": 14,
                        "name": "AI",
                        "slug": "javascript"
                    },
                    {
                        "id": 15,
                        "name": "Photoshop",
                        "slug": ".net"
                    }
                ]
            }, 
            {
                "id": 16,
                "name": "Web Development",
                "slug": "bubble-wrap&foam-products",
                "subcategories": [
                    {
                        "id": 17,
                        "name": "php",
                        "slug": "php"
                    },
                    {
                        "id": 18,
                        "name": "javascript",
                        "slug": "javascript"
                    },
                    {
                        "id": 19,
                        "name": ".Net",
                        "slug": ".net"
                    },
                    {
                        "id": 20,
                        "name": "Java",
                        "slug": "java"
                    },
                    {
                        "id": 21,
                        "name": "Python",
                        "slug": "python"
                    }
                ]
            }, {
                "id": 22,
                "name": "Web Development",
                "slug": "bubble-wrap&foam-products",
                "subcategories": [
                    {
                        "id": 23,
                        "name": "php",
                        "slug": "php"
                    },
                    {
                        "id": 24,
                        "name": "javascript",
                        "slug": "javascript"
                    },
                    {
                        "id": 25,
                        "name": ".Net",
                        "slug": ".net"
                    },
                    {
                        "id": 26,
                        "name": "Java",
                        "slug": "java"
                    },
                    {
                        "id": 27,
                        "name": "Python",
                        "slug": "python"
                    }
                ]
            }
        ]
    },
   {
        "id": 55,
        "name": "Tapes and Tape Guns",
        "slug": "bubble-wrap&foam-products",
        "subcategories": [
            {
                "id": 2,
                "name": "Web Development",
                "slug": "bubble-wrap&foam-products",
                "subcategories": [
                    {
                        "id": 3,
                        "name": "php",
                        "slug": "php"
                    },
                    {
                        "id": 4,
                        "name": "javascript",
                        "slug": "javascript"
                    },
                    {
                        "id": 5,
                        "name": ".Net",
                        "slug": ".net"
                    },
                    {
                        "id": 6,
                        "name": "Java",
                        "slug": "java"
                    },
                    {
                        "id": 7,
                        "name": "Python",
                        "slug": "python"
                    }
                ]
            },
            {
                "id": 8,
                "name": "Graphics Design",
                "slug": "bubble-wrap&foam-products",
                "subcategories": [
                    {
                        "id": 9,
                        "name": "Coral Draw",
                        "slug": "php"
                    },
                    {
                        "id": 10,
                        "name": "AI",
                        "slug": "javascript"
                    },
                    {
                        "id": 11,
                        "name": "Photoshop",
                        "slug": ".net"
                    }
                ]
            },
            {
                "id": 12,
                "name": "Graphics Design",
                "slug": "bubble-wrap&foam-products",
                "subcategories": [
                    {
                        "id": 13,
                        "name": "Coral Draw",
                        "slug": "php"
                    },
                    {
                        "id": 14,
                        "name": "AI",
                        "slug": "javascript"
                    },
                    {
                        "id": 15,
                        "name": "Photoshop",
                        "slug": ".net"
                    }
                ]
            }, 
            {
                "id": 16,
                "name": "Web Development",
                "slug": "bubble-wrap&foam-products",
                "subcategories": [
                    {
                        "id": 17,
                        "name": "php",
                        "slug": "php"
                    },
                    {
                        "id": 18,
                        "name": "javascript",
                        "slug": "javascript"
                    },
                    {
                        "id": 19,
                        "name": ".Net",
                        "slug": ".net"
                    },
                    {
                        "id": 20,
                        "name": "Java",
                        "slug": "java"
                    },
                    {
                        "id": 21,
                        "name": "Python",
                        "slug": "python"
                    }
                ]
            }, {
                "id": 22,
                "name": "Web Development",
                "slug": "bubble-wrap&foam-products",
                "subcategories": [
                    {
                        "id": 23,
                        "name": "php",
                        "slug": "php"
                    },
                    {
                        "id": 24,
                        "name": "javascript",
                        "slug": "javascript"
                    },
                    {
                        "id": 25,
                        "name": ".Net",
                        "slug": ".net"
                    },
                    {
                        "id": 26,
                        "name": "Java",
                        "slug": "java"
                    },
                    {
                        "id": 27,
                        "name": "Python",
                        "slug": "python"
                    }
                ]
            }
        ]
    },{
        "id": 56,
        "name": "Heat Shrink Film & Machinery",
        "slug": "bubble-wrap&foam-products",
        "subcategories": [
            {
                "id": 2,
                "name": "Web Development",
                "slug": "bubble-wrap&foam-products",
                "subcategories": [
                    {
                        "id": 3,
                        "name": "php",
                        "slug": "php"
                    },
                    {
                        "id": 4,
                        "name": "javascript",
                        "slug": "javascript"
                    },
                    {
                        "id": 5,
                        "name": ".Net",
                        "slug": ".net"
                    },
                    {
                        "id": 6,
                        "name": "Java",
                        "slug": "java"
                    },
                    {
                        "id": 7,
                        "name": "Python",
                        "slug": "python"
                    }
                ]
            },
            {
                "id": 8,
                "name": "Graphics Design",
                "slug": "bubble-wrap&foam-products",
                "subcategories": [
                    {
                        "id": 9,
                        "name": "Coral Draw",
                        "slug": "php"
                    },
                    {
                        "id": 10,
                        "name": "AI",
                        "slug": "javascript"
                    },
                    {
                        "id": 11,
                        "name": "Photoshop",
                        "slug": ".net"
                    }
                ]
            },
            {
                "id": 12,
                "name": "Graphics Design",
                "slug": "bubble-wrap&foam-products",
                "subcategories": [
                    {
                        "id": 13,
                        "name": "Coral Draw",
                        "slug": "php"
                    },
                    {
                        "id": 14,
                        "name": "AI",
                        "slug": "javascript"
                    },
                    {
                        "id": 15,
                        "name": "Photoshop",
                        "slug": ".net"
                    }
                ]
            }, 
            {
                "id": 16,
                "name": "Web Development",
                "slug": "bubble-wrap&foam-products",
                "subcategories": [
                    {
                        "id": 17,
                        "name": "php",
                        "slug": "php"
                    },
                    {
                        "id": 18,
                        "name": "javascript",
                        "slug": "javascript"
                    },
                    {
                        "id": 19,
                        "name": ".Net",
                        "slug": ".net"
                    },
                    {
                        "id": 20,
                        "name": "Java",
                        "slug": "java"
                    },
                    {
                        "id": 21,
                        "name": "Python",
                        "slug": "python"
                    }
                ]
            }, {
                "id": 22,
                "name": "Web Development",
                "slug": "bubble-wrap&foam-products",
                "subcategories": [
                    {
                        "id": 23,
                        "name": "php",
                        "slug": "php"
                    },
                    {
                        "id": 24,
                        "name": "javascript",
                        "slug": "javascript"
                    },
                    {
                        "id": 25,
                        "name": ".Net",
                        "slug": ".net"
                    },
                    {
                        "id": 26,
                        "name": "Java",
                        "slug": "java"
                    },
                    {
                        "id": 27,
                        "name": "Python",
                        "slug": "python"
                    }
                ]
            }
        ]
    },{
        "id": 57,
        "name": "Pallet and Stretch Wrap",
        "slug": "bubble-wrap&foam-products",
        "subcategories": [
            {
                "id": 2,
                "name": "Web Development",
                "slug": "bubble-wrap&foam-products",
                "subcategories": [
                    {
                        "id": 3,
                        "name": "php",
                        "slug": "php"
                    },
                    {
                        "id": 4,
                        "name": "javascript",
                        "slug": "javascript"
                    },
                    {
                        "id": 5,
                        "name": ".Net",
                        "slug": ".net"
                    },
                    {
                        "id": 6,
                        "name": "Java",
                        "slug": "java"
                    },
                    {
                        "id": 7,
                        "name": "Python",
                        "slug": "python"
                    }
                ]
            },
            {
                "id": 8,
                "name": "Graphics Design",
                "slug": "bubble-wrap&foam-products",
                "subcategories": [
                    {
                        "id": 9,
                        "name": "Coral Draw",
                        "slug": "php"
                    },
                    {
                        "id": 10,
                        "name": "AI",
                        "slug": "javascript"
                    },
                    {
                        "id": 11,
                        "name": "Photoshop",
                        "slug": ".net"
                    }
                ]
            },
            {
                "id": 12,
                "name": "Graphics Design",
                "slug": "bubble-wrap&foam-products",
                "subcategories": [
                    {
                        "id": 13,
                        "name": "Coral Draw",
                        "slug": "php"
                    },
                    {
                        "id": 14,
                        "name": "AI",
                        "slug": "javascript"
                    },
                    {
                        "id": 15,
                        "name": "Photoshop",
                        "slug": ".net"
                    }
                ]
            }, 
            {
                "id": 16,
                "name": "Web Development",
                "slug": "bubble-wrap&foam-products",
                "subcategories": [
                    {
                        "id": 17,
                        "name": "php",
                        "slug": "php"
                    },
                    {
                        "id": 18,
                        "name": "javascript",
                        "slug": "javascript"
                    },
                    {
                        "id": 19,
                        "name": ".Net",
                        "slug": ".net"
                    },
                    {
                        "id": 20,
                        "name": "Java",
                        "slug": "java"
                    },
                    {
                        "id": 21,
                        "name": "Python",
                        "slug": "python"
                    }
                ]
            }, {
                "id": 22,
                "name": "Web Development",
                "slug": "bubble-wrap&foam-products",
                "subcategories": [
                    {
                        "id": 23,
                        "name": "php",
                        "slug": "php"
                    },
                    {
                        "id": 24,
                        "name": "javascript",
                        "slug": "javascript"
                    },
                    {
                        "id": 25,
                        "name": ".Net",
                        "slug": ".net"
                    },
                    {
                        "id": 26,
                        "name": "Java",
                        "slug": "java"
                    },
                    {
                        "id": 27,
                        "name": "Python",
                        "slug": "python"
                    }
                ]
            }
        ]
    },{
        "id": 58,
        "name": "Envelope Mailers",
        "slug": "bubble-wrap&foam-products",
        "subcategories": [
            {
                "id": 2,
                "name": "Web Development",
                "slug": "bubble-wrap&foam-products",
                "subcategories": [
                    {
                        "id": 3,
                        "name": "php",
                        "slug": "php"
                    },
                    {
                        "id": 4,
                        "name": "javascript",
                        "slug": "javascript"
                    },
                    {
                        "id": 5,
                        "name": ".Net",
                        "slug": ".net"
                    },
                    {
                        "id": 6,
                        "name": "Java",
                        "slug": "java"
                    },
                    {
                        "id": 7,
                        "name": "Python",
                        "slug": "python"
                    }
                ]
            },
            {
                "id": 8,
                "name": "Graphics Design",
                "slug": "bubble-wrap&foam-products",
                "subcategories": [
                    {
                        "id": 9,
                        "name": "Coral Draw",
                        "slug": "php"
                    },
                    {
                        "id": 10,
                        "name": "AI",
                        "slug": "javascript"
                    },
                    {
                        "id": 11,
                        "name": "Photoshop",
                        "slug": ".net"
                    }
                ]
            },
            {
                "id": 12,
                "name": "Graphics Design",
                "slug": "bubble-wrap&foam-products",
                "subcategories": [
                    {
                        "id": 13,
                        "name": "Coral Draw",
                        "slug": "php"
                    },
                    {
                        "id": 14,
                        "name": "AI",
                        "slug": "javascript"
                    },
                    {
                        "id": 15,
                        "name": "Photoshop",
                        "slug": ".net"
                    }
                ]
            }, 
            {
                "id": 16,
                "name": "Web Development",
                "slug": "bubble-wrap&foam-products",
                "subcategories": [
                    {
                        "id": 17,
                        "name": "php",
                        "slug": "php"
                    },
                    {
                        "id": 18,
                        "name": "javascript",
                        "slug": "javascript"
                    },
                    {
                        "id": 19,
                        "name": ".Net",
                        "slug": ".net"
                    },
                    {
                        "id": 20,
                        "name": "Java",
                        "slug": "java"
                    },
                    {
                        "id": 21,
                        "name": "Python",
                        "slug": "python"
                    }
                ]
            }, {
                "id": 22,
                "name": "Web Development",
                "slug": "bubble-wrap&foam-products",
                "subcategories": [
                    {
                        "id": 23,
                        "name": "php",
                        "slug": "php"
                    },
                    {
                        "id": 24,
                        "name": "javascript",
                        "slug": "javascript"
                    },
                    {
                        "id": 25,
                        "name": ".Net",
                        "slug": ".net"
                    },
                    {
                        "id": 26,
                        "name": "Java",
                        "slug": "java"
                    },
                    {
                        "id": 27,
                        "name": "Python",
                        "slug": "python"
                    }
                ]
            }
        ]
    },{
        "id": 59,
        "name": "Self Seal Bags & Handle Bags",
        "slug": "bubble-wrap&foam-products",
        "subcategories": [
            {
                "id": 2,
                "name": "Web Development",
                "slug": "bubble-wrap&foam-products",
                "subcategories": [
                    {
                        "id": 3,
                        "name": "php",
                        "slug": "php"
                    },
                    {
                        "id": 4,
                        "name": "javascript",
                        "slug": "javascript"
                    },
                    {
                        "id": 5,
                        "name": ".Net",
                        "slug": ".net"
                    },
                    {
                        "id": 6,
                        "name": "Java",
                        "slug": "java"
                    },
                    {
                        "id": 7,
                        "name": "Python",
                        "slug": "python"
                    }
                ]
            },
            {
                "id": 8,
                "name": "Graphics Design",
                "slug": "bubble-wrap&foam-products",
                "subcategories": [
                    {
                        "id": 9,
                        "name": "Coral Draw",
                        "slug": "php"
                    },
                    {
                        "id": 10,
                        "name": "AI",
                        "slug": "javascript"
                    },
                    {
                        "id": 11,
                        "name": "Photoshop",
                        "slug": ".net"
                    }
                ]
            },
            {
                "id": 12,
                "name": "Graphics Design",
                "slug": "bubble-wrap&foam-products",
                "subcategories": [
                    {
                        "id": 13,
                        "name": "Coral Draw",
                        "slug": "php"
                    },
                    {
                        "id": 14,
                        "name": "AI",
                        "slug": "javascript"
                    },
                    {
                        "id": 15,
                        "name": "Photoshop",
                        "slug": ".net"
                    }
                ]
            }, 
            {
                "id": 16,
                "name": "Web Development",
                "slug": "bubble-wrap&foam-products",
                "subcategories": [
                    {
                        "id": 17,
                        "name": "php",
                        "slug": "php"
                    },
                    {
                        "id": 18,
                        "name": "javascript",
                        "slug": "javascript"
                    },
                    {
                        "id": 19,
                        "name": ".Net",
                        "slug": ".net"
                    },
                    {
                        "id": 20,
                        "name": "Java",
                        "slug": "java"
                    },
                    {
                        "id": 21,
                        "name": "Python",
                        "slug": "python"
                    }
                ]
            }, {
                "id": 22,
                "name": "Web Development",
                "slug": "bubble-wrap&foam-products",
                "subcategories": [
                    {
                        "id": 23,
                        "name": "php",
                        "slug": "php"
                    },
                    {
                        "id": 24,
                        "name": "javascript",
                        "slug": "javascript"
                    },
                    {
                        "id": 25,
                        "name": ".Net",
                        "slug": ".net"
                    },
                    {
                        "id": 26,
                        "name": "Java",
                        "slug": "java"
                    },
                    {
                        "id": 27,
                        "name": "Python",
                        "slug": "python"
                    }
                ]
            }
        ]
    },{
        "id": 60,
        "name": "Stationary & Office Supplies",
        "slug": "bubble-wrap&foam-products",
        "subcategories": [
            {
                "id": 2,
                "name": "Web Development",
                "slug": "bubble-wrap&foam-products",
                "subcategories": [
                    {
                        "id": 3,
                        "name": "php",
                        "slug": "php"
                    },
                    {
                        "id": 4,
                        "name": "javascript",
                        "slug": "javascript"
                    },
                    {
                        "id": 5,
                        "name": ".Net",
                        "slug": ".net"
                    },
                    {
                        "id": 6,
                        "name": "Java",
                        "slug": "java"
                    },
                    {
                        "id": 7,
                        "name": "Python",
                        "slug": "python"
                    }
                ]
            },
            {
                "id": 8,
                "name": "Graphics Design",
                "slug": "bubble-wrap&foam-products",
                "subcategories": [
                    {
                        "id": 9,
                        "name": "Coral Draw",
                        "slug": "php"
                    },
                    {
                        "id": 10,
                        "name": "AI",
                        "slug": "javascript"
                    },
                    {
                        "id": 11,
                        "name": "Photoshop",
                        "slug": ".net"
                    }
                ]
            },
            {
                "id": 12,
                "name": "Graphics Design",
                "slug": "bubble-wrap&foam-products",
                "subcategories": [
                    {
                        "id": 13,
                        "name": "Coral Draw",
                        "slug": "php"
                    },
                    {
                        "id": 14,
                        "name": "AI",
                        "slug": "javascript"
                    },
                    {
                        "id": 15,
                        "name": "Photoshop",
                        "slug": ".net"
                    }
                ]
            }, 
            {
                "id": 16,
                "name": "Web Development",
                "slug": "bubble-wrap&foam-products",
                "subcategories": [
                    {
                        "id": 17,
                        "name": "php",
                        "slug": "php"
                    },
                    {
                        "id": 18,
                        "name": "javascript",
                        "slug": "javascript"
                    },
                    {
                        "id": 19,
                        "name": ".Net",
                        "slug": ".net"
                    },
                    {
                        "id": 20,
                        "name": "Java",
                        "slug": "java"
                    },
                    {
                        "id": 21,
                        "name": "Python",
                        "slug": "python"
                    }
                ]
            }, {
                "id": 22,
                "name": "Web Development",
                "slug": "bubble-wrap&foam-products",
                "subcategories": [
                    {
                        "id": 23,
                        "name": "php",
                        "slug": "php"
                    },
                    {
                        "id": 24,
                        "name": "javascript",
                        "slug": "javascript"
                    },
                    {
                        "id": 25,
                        "name": ".Net",
                        "slug": ".net"
                    },
                    {
                        "id": 26,
                        "name": "Java",
                        "slug": "java"
                    },
                    {
                        "id": 27,
                        "name": "Python",
                        "slug": "python"
                    }
                ]
            }
        ]
    },{
        "id": 61,
        "name": "Paper Rolls and Sheets",
        "slug": "bubble-wrap&foam-products",
        "subcategories": [
            {
                "id": 2,
                "name": "Web Development",
                "slug": "bubble-wrap&foam-products",
                "subcategories": [
                    {
                        "id": 3,
                        "name": "php",
                        "slug": "php"
                    },
                    {
                        "id": 4,
                        "name": "javascript",
                        "slug": "javascript"
                    },
                    {
                        "id": 5,
                        "name": ".Net",
                        "slug": ".net"
                    },
                    {
                        "id": 6,
                        "name": "Java",
                        "slug": "java"
                    },
                    {
                        "id": 7,
                        "name": "Python",
                        "slug": "python"
                    }
                ]
            },
            {
                "id": 8,
                "name": "Graphics Design",
                "slug": "bubble-wrap&foam-products",
                "subcategories": [
                    {
                        "id": 9,
                        "name": "Coral Draw",
                        "slug": "php"
                    },
                    {
                        "id": 10,
                        "name": "AI",
                        "slug": "javascript"
                    },
                    {
                        "id": 11,
                        "name": "Photoshop",
                        "slug": ".net"
                    }
                ]
            },
            {
                "id": 12,
                "name": "Graphics Design",
                "slug": "bubble-wrap&foam-products",
                "subcategories": [
                    {
                        "id": 13,
                        "name": "Coral Draw",
                        "slug": "php"
                    },
                    {
                        "id": 14,
                        "name": "AI",
                        "slug": "javascript"
                    },
                    {
                        "id": 15,
                        "name": "Photoshop",
                        "slug": ".net"
                    }
                ]
            }, 
            {
                "id": 16,
                "name": "Web Development",
                "slug": "bubble-wrap&foam-products",
                "subcategories": [
                    {
                        "id": 17,
                        "name": "php",
                        "slug": "php"
                    },
                    {
                        "id": 18,
                        "name": "javascript",
                        "slug": "javascript"
                    },
                    {
                        "id": 19,
                        "name": ".Net",
                        "slug": ".net"
                    },
                    {
                        "id": 20,
                        "name": "Java",
                        "slug": "java"
                    },
                    {
                        "id": 21,
                        "name": "Python",
                        "slug": "python"
                    }
                ]
            }, {
                "id": 22,
                "name": "Web Development",
                "slug": "bubble-wrap&foam-products",
                "subcategories": [
                    {
                        "id": 23,
                        "name": "php",
                        "slug": "php"
                    },
                    {
                        "id": 24,
                        "name": "javascript",
                        "slug": "javascript"
                    },
                    {
                        "id": 25,
                        "name": ".Net",
                        "slug": ".net"
                    },
                    {
                        "id": 26,
                        "name": "Java",
                        "slug": "java"
                    },
                    {
                        "id": 27,
                        "name": "Python",
                        "slug": "python"
                    }
                ]
            }
        ]
    },{
        "id": 62,
        "name": "ECO Friendly Packaging",
        "slug": "bubble-wrap&foam-products",
        "subcategories": [
            {
                "id": 2,
                "name": "Web Development",
                "slug": "bubble-wrap&foam-products",
                "subcategories": [
                    {
                        "id": 3,
                        "name": "php",
                        "slug": "php"
                    },
                    {
                        "id": 4,
                        "name": "javascript",
                        "slug": "javascript"
                    },
                    {
                        "id": 5,
                        "name": ".Net",
                        "slug": ".net"
                    },
                    {
                        "id": 6,
                        "name": "Java",
                        "slug": "java"
                    },
                    {
                        "id": 7,
                        "name": "Python",
                        "slug": "python"
                    }
                ]
            },
            {
                "id": 8,
                "name": "Graphics Design",
                "slug": "bubble-wrap&foam-products",
                "subcategories": [
                    {
                        "id": 9,
                        "name": "Coral Draw",
                        "slug": "php"
                    },
                    {
                        "id": 10,
                        "name": "AI",
                        "slug": "javascript"
                    },
                    {
                        "id": 11,
                        "name": "Photoshop",
                        "slug": ".net"
                    }
                ]
            },
            {
                "id": 12,
                "name": "Graphics Design",
                "slug": "bubble-wrap&foam-products",
                "subcategories": [
                    {
                        "id": 13,
                        "name": "Coral Draw",
                        "slug": "php"
                    },
                    {
                        "id": 14,
                        "name": "AI",
                        "slug": "javascript"
                    },
                    {
                        "id": 15,
                        "name": "Photoshop",
                        "slug": ".net"
                    }
                ]
            }, 
            {
                "id": 16,
                "name": "Web Development",
                "slug": "bubble-wrap&foam-products",
                "subcategories": [
                    {
                        "id": 17,
                        "name": "php",
                        "slug": "php"
                    },
                    {
                        "id": 18,
                        "name": "javascript",
                        "slug": "javascript"
                    },
                    {
                        "id": 19,
                        "name": ".Net",
                        "slug": ".net"
                    },
                    {
                        "id": 20,
                        "name": "Java",
                        "slug": "java"
                    },
                    {
                        "id": 21,
                        "name": "Python",
                        "slug": "python"
                    }
                ]
            }, {
                "id": 22,
                "name": "Web Development",
                "slug": "bubble-wrap&foam-products",
                "subcategories": [
                    {
                        "id": 23,
                        "name": "php",
                        "slug": "php"
                    },
                    {
                        "id": 24,
                        "name": "javascript",
                        "slug": "javascript"
                    },
                    {
                        "id": 25,
                        "name": ".Net",
                        "slug": ".net"
                    },
                    {
                        "id": 26,
                        "name": "Java",
                        "slug": "java"
                    },
                    {
                        "id": 27,
                        "name": "Python",
                        "slug": "python"
                    }
                ]
            }
        ]
    }
]